PRODUCT;PRICE;PRICE_EUR
ACAPULCO BLUE CIG20;1790 FT;4.7 €
ACAPULCO BLUE CIG20 ECS ;1790 FT;4.7 €
ACAPULCO YELLOW CIG20;1790 FT;4.7 €
ACAPULCO YELLOW CIG20 ECS;1790 FT;4.7 €
Austin Blue 100s 20 szál ;1440 FT;3.8 €
Austin Blue 100s 20 szál TT;1699 FT;4.4 €
Austin Blue 20 szál;1420 FT;3.7 €
Austin Blue 20 szál ECS TT ;1680 FT;4.4 €
Austin Blue 20 szál TT;1680 FT;4.4 €
Austin Green 20 szál ECS TT;1680 FT;4.4 €
Austin Green 20 szál TT;1680 FT;4.4 €
Austin Mentol 20 szál;1199 FT;3.1 €
Austin Mentol 20 szál TT ;1199 FT;3.1 €
Austin Red 100s 20 szál;1440 FT;3.8 €
Austin Red 100s 20 szál ECS TT;1699 FT;4.4 €
Austin Red 100s 20 szál TT;1699 FT;4.4 €
Austin Red 20 szál;1420 FT;3.7 €
Austin Red 20 szál ECS TT;1680 FT;4.4 €
Austin Red 20 szál TT;1680 FT;4.4 €
Austin Silver 20 szál;1420 FT;3.7 €
Austin Silver 20 szál ECS TT;1680 FT;4.4 €
Austin Silver 20 szál TT;1680 FT;4.4 €
Benson & Hedges Black;1380 FT;3.6 €
Benson & Hedges Black;1960 FT;5.1 €
Benson & Hedges Black ECS;1960 FT;5.1 €
Benson & Hedges Dual Blue Mentol ;999 FT;2.6 €
Benson & Hedges Gold;1560 FT;4.1 €
Benson & Hedges Gold;1940 FT;5.1 €
Benson & Hedges Silver;1380 FT;3.6 €
Benson & Hedges Silver;1960 FT;5.1 €
Benson & Hedges Silver ECS;1960 FT;5.1 €
Benson & Hedges White;999 FT;2.6 €
Benson&Hedges Pink Sapphire;999 FT;2.6 €
Bond Street royal soft  - ECS;1890 FT;4.9 €
Camel Blue;1420 FT;3.7 €
Camel Blue;1980 FT;5.2 €
Camel Blue Compact ECS;1930 FT;5.1 €
Camel Blue Compact FS;1340 FT;3.5 €
Camel Blue Compact FS;1930 FT;5.1 €
Camel Blue ECS;1980 FT;5.2 €
Camel Blue LEP;999 FT;2.6 €
Camel Blue LEP 2;999 FT;2.6 €
Camel Blue LEP 3 ;999 FT;2.6 €
Camel Dark Blue (AM);1720 FT;4.5 €
Camel Dark Blue ECS;1950 FT;5.1 €
Camel Dark Blue KS 20 TT (új);1950 FT;5.1 €
Camel Filters ;1420 FT;3.7 €
Camel Filters;1980 FT;5.2 €
Camel Filters LEP ;999 FT;2.6 €
Camel Filters LEP 2 ;999 FT;2.6 €
Camel Filters LEP 3 ;999 FT;2.6 €
Camel Mentol;1360 FT;3.6 €
Camel Silver Compact ECS ;1730 FT;4.5 €
Camel Silver Compact FS;1730 FT;4.5 €
Camel Yellow ECS ;1980 FT;5.2 €
Chesterfield Blue;1890 FT;4.9 €
Chesterfield blue - ECS;1890 FT;4.9 €
Chesterfield Blue 100s;1130 FT;3 €
Chesterfield Blue 100s - ECS;1890 FT;4.9 €
Chesterfield Ice Burst;1280 FT;3.4 €
Chesterfield Silver;1890 FT;4.9 €
Chesterfield silver - ECS;1890 FT;4.9 €
Chesterfield Silver 100s;1130 FT;3 €
Chesterfield Silver 100s - ECS;1890 FT;4.9 €
CORSET MAUVE CIG20 ECS;1800 FT;4.7 €
CORSET PINK CIG20 ECS;1800 FT;4.7 €
Davidoff Black Reshape 20;1790 FT;4.7 €
Davidoff Black Reshape 20 ECS;1990 FT;5.2 €
Davidoff Black Reshape 20 ECS ;1990 FT;5.2 €
Davidoff Blue 20;1850 FT;4.8 €
Davidoff Blue 20 ECS;2050 FT;5.4 €
Davidoff Classic 20 ;1850 FT;4.8 €
Davidoff Classic 20 ECS;2050 FT;5.4 €
Davidoff Evolved Blue 20 ECS ;1960 FT;5.1 €
Davidoff Evolved Silver 20 ECS ;1960 FT;5.1 €
Davidoff Gold 20;1850 FT;4.8 €
Davidoff Gold 20 ECS;2050 FT;5.4 €
Davidoff Gold Slims 20;1829 FT;4.8 €
Davidoff Gold Slims 20 ECS;2029 FT;5.3 €
Davidoff Green NON-MENTOL;1790 FT;4.7 €
Davidoff Green NON-MENTOL ECS ;1990 FT;5.2 €
Davidoff Polar Mentol 20;1430 FT;3.7 €
Davidoff Reach Blue 20 ECS;1920 FT;5 €
Davidoff Reach Silver 20 ECS;1920 FT;5 €
Davidoff Rose Superslims 20;1480 FT;3.9 €
Davidoff Rose Superslims 20;1820 FT;4.8 €
Davidoff Violet Superslims 20 ;1480 FT;3.9 €
Davidoff Violet Superslims 20;1820 FT;4.8 €
Davidoff White Reshape 20;1790 FT;4.7 €
Davidoff White Reshape 20 ECS;1990 FT;5.2 €
Davidoff White Slims 20;1829 FT;4.8 €
Davidoff White Slims 20 ECS;2029 FT;5.3 €
DUNHILL ARANY ECS;2000 FT;5.2 €
DUNHILL BLACK KS TT;1810 FT;4.7 €
DUNHILL DEMI ARANY ECS;1990 FT;5.2 €
DUNHILL DEMI KÉK ECS;1990 FT;5.2 €
DUNHILL FEKETE ECS;2000 FT;5.2 €
DUNHILL FINE CUT ARANY ECS;2050 FT;5.4 €
DUNHILL FINE CUT FEHÉR ECS;2050 FT;5.4 €
DUNHILL FINE CUT FEKETE ECS;2050 FT;5.4 €
DUNHILL FINE CUT SÖTÉTKÉK ECS;2050 FT;5.4 €
DUNHILL GOLD KS TT;1810 FT;4.7 €
DUNHILL MASTER BLEND;1790 FT;4.7 €
DUNHILL MASTER BLEND BLUE;1790 FT;4.7 €
DUNHILL SIGNATURE NO.4 ECS ;1990 FT;5.2 €
DUNHILL SIGNATURE NO.6 ECS;1990 FT;5.2 €
DUNHILL SWITCH BLACK;1420 FT;3.7 €
DUNHILL SWITCH BLUE SS;1260 FT;3.3 €
DUNHILL SWITCH GOLD;1420 FT;3.7 €
DUNHILL SWITCH SILVER SS;1260 FT;3.3 €
EVE Sunflower;2060 FT;5.4 €
Eve sunflower - ECS;2060 FT;5.4 €
First Gold 20 szál;1180 FT;3.1 €
First Red 20 szál;1180 FT;3.1 €
Gauloises Blue 20;1780 FT;4.7 €
Gauloises Blue 20 ECS;1980 FT;5.2 €
Gauloises Red 20;1780 FT;4.7 €
Gauloises Red 20 ECS;1980 FT;5.2 €
Gauloises Yellow 20;1780 FT;4.7 €
Gauloises Yellow 20 ECS;1980 FT;5.2 €
GLAMOUR AMBER;999 FT;2.6 €
GLAMOUR BLUE;999 FT;2.6 €
GLAMOUR MENTOL;999 FT;2.6 €
GLAMOUR PINK;999 FT;2.6 €
Golden Gate Blue 100 20;1630 FT;4.3 €
Golden Gate Blue 100 20 ECS;1830 FT;4.8 €
Golden Gate Blue 20;1630 FT;4.3 €
Golden Gate Blue 20 ECS;1830 FT;4.8 €
Golden Gate Red 100 20;1630 FT;4.3 €
Golden Gate Red 100 20 ECS;1830 FT;4.8 €
Golden Gate Red 20;1630 FT;4.3 €
Golden Gate Red 20 ECS;1830 FT;4.8 €
Hamilton Blue 20 szál ECS TT;1710 FT;4.5 €
Hamilton Red 20 szál ECS TT;1710 FT;4.5 €
Hamilton Silver 20 szál ECS TT;1710 FT;4.5 €
HUNGÁRIA EZÜST MF CIG20;1800 FT;4.7 €
HUNGÁRIA EZÜST MF CIG20 ECS;1800 FT;4.7 €
HUNGÁRIA FEHÉR MF CIG20;1800 FT;4.7 €
HUNGÁRIA FEHÉR MF CIG20 ECS;1800 FT;4.7 €
HUNGÁRIA KÉK MF CIG20;1800 FT;4.7 €
HUNGÁRIA KÉK MF CIG20 ECS;1800 FT;4.7 €
HUNGÁRIA MENTOL CIG20;1170 FT;3.1 €
HUNGÁRIA PIROS MF CIG20;1800 FT;4.7 €
HUNGÁRIA PIROS MF CIG20 ECS ;1800 FT;4.7 €
LD Blue Compact ECS (LD);1880 FT;4.9 €
LD Blue ECS (LD);1920 FT;5 €
LD Blue Longs ECS (LD);1930 FT;5.1 €
LD Green ECS (LD);1920 FT;5 €
LD Red ECS (LD);1920 FT;5 €
LD Red Longs ECS (LD);1930 FT;5.1 €
LD Silver ECS (LD);1920 FT;5 €
LD Silver Longs ECS (LD);1930 FT;5.1 €
LD 100s Blue;1350 FT;3.5 €
LD 100s Blue;1930 FT;5.1 €
LD 100s Red;1350 FT;3.5 €
LD 100s Red;1930 FT;5.1 €
LD 100s Silver;1350 FT;3.5 €
LD 100s Silver;1930 FT;5.1 €
LD Blue;1340 FT;3.5 €
LD Blue;1920 FT;5 €
Ld Blue Compact ECS (új név);1880 FT;4.9 €
LD Blue Compact FS;1880 FT;4.9 €
Ld Blue ECS (új név) ;1920 FT;5 €
Ld Blue Longs ECS (új név);1930 FT;5.1 €
LD CLUB PLATINUM;999 FT;2.6 €
LD Green (AM);1690 FT;4.4 €
Ld Green ECS (új név);1920 FT;5 €
LD Green KS 20 TT (új);1920 FT;5 €
LD Mentol;1310 FT;3.4 €
LD Red;1340 FT;3.5 €
LD Red;1920 FT;5 €
Ld Red ECS (új név);1920 FT;5 €
Ld Red Longs ECS (új név);1930 FT;5.1 €
LD Silver;1340 FT;3.5 €
LD Silver;1920 FT;5 €
Ld Silver ECS (új név);1920 FT;5 €
Ld Silver Longs ECS (új név);1930 FT;5.1 €
LD XS-Line Amber;1360 FT;3.6 €
LD XS-Line Amber;1390 FT;3.6 €
LD XS-Line Amber;1880 FT;4.9 €
Ld Xs-line Amber ECS (új név);1880 FT;4.9 €
LD XS-Line Blue ;1360 FT;3.6 €
LD XS-Line Blue;1390 FT;3.6 €
LD XS-Line Blue;1880 FT;4.9 €
Ld Xs-line Blue ECS (új név);1880 FT;4.9 €
LD XS-Line Green (AM);1650 FT;4.3 €
Ld Xs-line Green ECS (új név);1880 FT;4.9 €
LD XS-Line Green SSL 20 TT;1420 FT;3.7 €
LD XS-Line Green SSL 20 TT (új) ;1880 FT;4.9 €
LD XS-Line Mentol ;1330 FT;3.5 €
LD XS-Line Mentol;1330 FT;3.5 €
LD XS-Line Pink;1360 FT;3.6 €
LD XS-Line Pink ;1390 FT;3.6 €
LD XS-Line Pink;1880 FT;4.9 €
Ld Xs-line Pink ECS (új név);1880 FT;4.9 €
LD XS-Line Select Mentol;999 FT;2.6 €
LUCKY STRIKE BLUE ECS;1990 FT;5.2 €
LUCKY STRIKE FLOW KS;1160 FT;3 €
LUCKY STRIKE FLOW RESIZED;1160 FT;3 €
LUCKY STRIKE FLOW RESIZED ECS;1940 FT;5.1 €
LUCKY STRIKE LUCKIES BLUE;1790 FT;4.7 €
LUCKY STRIKE ORIGINAL RED ECS;1990 FT;5.2 €
Manitou Virginia Pink ECS TT;1460 FT;3.8 €
Manitou Virginia Sky ECS TT;1590 FT;4.2 €
Marlboro;2040 FT;5.3 €
Marlboro 100s;2060 FT;5.4 €
Marlboro Advance Blue;1970 FT;5.2 €
Marlboro advance blue - ECS;1970 FT;5.2 €
Marlboro Beyond;1420 FT;3.7 €
Marlboro Core Touch;2030 FT;5.3 €
Marlboro core touch - ECS;2030 FT;5.3 €
Marlboro crafted gold - ECS 2060;2060 FT;5.4 €
Marlboro crafted red - ECS;2060 FT;5.4 €
Marlboro Fine Touch;2030 FT;5.3 €
Marlboro fine touch - ECS;2030 FT;5.3 €
Marlboro Fuse Beyond ;1420 FT;3.7 €
Marlboro Gold;2040 FT;5.3 €
Marlboro gold - ECS;2040 FT;5.3 €
Marlboro Gold 100s;2060 FT;5.4 €
Marlboro gold 100s - ECS;2060 FT;5.4 €
Marlboro Gold Micro - ECS;2030 FT;5.3 €
Marlboro Gold Soft;1980 FT;5.2 €
Marlboro gold soft - ECS ;1980 FT;5.2 €
Marlboro Micro Beyond;1420 FT;3.7 €
Marlboro Micro Gold;1260 FT;3.3 €
Marlboro red - ECS;2040 FT;5.3 €
Marlboro red 100s  - ECS;2060 FT;5.4 €
Marlboro red soft - ECS;1980 FT;5.2 €
Marlboro Silver Blue;2040 FT;5.3 €
Marlboro silver blue - ECS;2040 FT;5.3 €
Marlboro Soft;1980 FT;5.2 €
Marlboro Touch;2030 FT;5.3 €
Marlboro touch - ECS;2030 FT;5.3 €
MATRIX BLUELINE  MF CIG20;1660 FT;4.3 €
MATRIX BLUELINE  MF CIG20 ECS;1660 FT;4.3 €
MATRIX REDLINE  MF CIG20;1660 FT;4.3 €
MATRIX REDLINE  MF CIG20 ECS;1660 FT;4.3 €
MATRIX YELLOWLINE  MF CIG20;1660 FT;4.3 €
MATRIX YELLOWLINE  MF CIG20 ECS;1660 FT;4.3 €
Meine Sorte Classic;1380 FT;3.6 €
Meine Sorte Classic;1450 FT;3.8 €
Memphis Air Blue;1400 FT;3.7 €
Memphis Air Blue;1780 FT;4.7 €
Memphis Blue;1350 FT;3.5 €
Memphis Classic;1400 FT;3.7 €
Memphis Classic;1780 FT;4.7 €
Memphis White;1350 FT;3.5 €
Memphis White;1360 FT;3.6 €
Multifilter Blue;1980 FT;5.2 €
Multifilter blue - ECS;1980 FT;5.2 €
Multifilter Blue 100s;1990 FT;5.2 €
Multifilter blue 100s - ECS;1990 FT;5.2 €
Multifilter Classic Blue;1980 FT;5.2 €
Multifilter classic blue - ECS;1980 FT;5.2 €
Multifilter Classic Red;1980 FT;5.2 €
Multifilter classic red - ECS;1980 FT;5.2 €
Multifilter Classic Yellow;1980 FT;5.2 €
Multifilter classic yellow - ECS;1980 FT;5.2 €
Multifilter Forward Blue;1370 FT;3.6 €
Multifilter Forward Green;1370 FT;3.6 €
Multifilter Red 100s;1990 FT;5.2 €
Multifilter red 100s - ECS;1990 FT;5.2 €
Multifilter White;1980 FT;5.2 €
Multifilter white - ECS;1980 FT;5.2 €
Multifilter Yellow;1980 FT;5.2 €
Multifilter yellow - ECS;1980 FT;5.2 €
Multifilter Yellow 100s;1990 FT;5.2 €
Multifilter yellow 100s - ECS;1990 FT;5.2 €
Multisense Bright Micro;1380 FT;3.6 €
Multisense Lily Micro;1980 FT;5.2 €
Multisense lily micro - ECS;1980 FT;5.2 €
Multisense Mentol Micro;1380 FT;3.6 €
P20 BARNA CIG20;1450 FT;3.8 €
P20 KÉK CIG20;1450 FT;3.8 €
PALL MALL ALPINE;1370 FT;3.6 €
PALL MALL AMBER;1760 FT;4.6 €
PALL MALL BLACK TT;1760 FT;4.6 €
PALL MALL BLUE;1760 FT;4.6 €
PALL MALL BLUE SS;1740 FT;4.6 €
PALL MALL EXTRA CUT BLUE;1790 FT;4.7 €
PALL MALL EXTRA CUT EZÜST ECS;1990 FT;5.2 €
PALL MALL EXTRA CUT KÉK ECS;1990 FT;5.2 €
PALL MALL EXTRA CUT SILVER;1790 FT;4.7 €
PALL MALL FEHÉR  ECS;1960 FT;5.1 €
PALL MALL FRESH;1250 FT;3.3 €
PALL MALL GREEN;1370 FT;3.6 €
PALL MALL GREEN SS;1380 FT;3.6 €
PALL MALL KÉK  ECS;1960 FT;5.1 €
PALL MALL KÉK VÉKONY FORMÁTUM ECS;1940 FT;5.1 €
PALL MALL LILA VÉKONY FORMÁTUM ECS;1940 FT;5.1 €
PALL MALL MINT;1250 FT;3.3 €
PALL MALL NARANCSSÁRGA ECS;1960 FT;5.1 €
PALL MALL POCKET AMBER;1730 FT;4.5 €
PALL MALL POCKET BLUE;1730 FT;4.5 €
PALL MALL POCKET KÉK ECS;1930 FT;5.1 €
PALL MALL POCKET NARANCSSÁRGA ECS;1930 FT;5.1 €
PALL MALL VIOLET SS;1740 FT;4.6 €
PALL MALL WHITE;1760 FT;4.6 €
PALL MALL WHITE SS;1740 FT;4.6 €
PANNÓNIA BARNA CIG20;1650 FT;4.3 €
PANNÓNIA BARNA CIG20 ECS;1650 FT;4.3 €
PANNÓNIA KÉK CIG20;1650 FT;4.3 €
PANNÓNIA KÉK CIG20 ECS;1650 FT;4.3 €
Pepe Easy green ECS;1790 FT;4.7 €
Pepe Rich green ECS;1790 FT;4.7 €
Philip Morris Blue;1940 FT;5.1 €
Philip Morris Blue;1360 FT;3.6 €
Philip Morris blue - ECS;1940 FT;5.1 €
Philip Morris Blue 100s;1940 FT;5.1 €
Philip Morris blue 100s - ECS;1940 FT;5.1 €
Philip Morris Blue Ice;1330 FT;3.5 €
Philip Morris Blue Micro;1820 FT;4.8 €
Philip Morris blue micro - ECS;1880 FT;4.9 €
Philip Morris compact blue - ECS;1850 FT;4.8 €
Philip Morris Menthol Micro;1330 FT;3.5 €
Philip Morris Pink Micro;1820 FT;4.8 €
Philip Morris pink micro - ECS;1880 FT;4.9 €
Philip Morris Red;1940 FT;5.1 €
Philip Morris red - ECS;1940 FT;5.1 €
Philip Morris Royal;1940 FT;5.1 €
Philip Morris Royal;1360 FT;3.6 €
Philip Morris royal - ECS;1940 FT;5.1 €
Philip Morris White;1940 FT;5.1 €
Philip Morris white - ECS;1940 FT;5.1 €
Philip Morris Yellow;1940 FT;5.1 €
Philip Morris Yellow;1360 FT;3.6 €
Philip Morris yellow - ECS;1940 FT;5.1 €
Philip Morris Yellow 100s;1940 FT;5.1 €
Philip Morris yellow 100s - ECS;1940 FT;5.1 €
Pueblo Blue;2200 FT;5.8 €
Pueblo Blue ECS;2200 FT;5.8 €
Pueblo Classic ECS;2200 FT;5.8 €
Pueblo Green ECS;2200 FT;5.8 €
Pueblo Orange;2200 FT;5.8 €
Pueblo Orange ECS;220 FT;0.6 €
RGD Blue;1890 FT;4.9 €
Rgd blue - ECS;1890 FT;4.9 €
RGD Blue Micro;1890 FT;4.9 €
Rgd blue micro - ECS;1890 FT;4.9 €
RGD Mentol Micro;1280 FT;3.4 €
RGD Pink Micro;1890 FT;4.9 €
Rgd pink micro - ECS;1890 FT;4.9 €
RGD Yellow;1600 FT;4.2 €
Ronson Red;1320 FT;3.5 €
Ronson Red;1380 FT;3.6 €
Ronson White;1320 FT;3.5 €
Ronson White;1380 FT;3.6 €
ROTHMANS BY VOGUE KÉK ECS;1850 FT;4.8 €
ROTHMANS BY VOGUE LILA ECS;1850 FT;4.8 €
Rothmans King Size Blue;1680 FT;4.4 €
Rothmans King Size Red;1680 FT;4.4 €
Rothmans King Size Silver;1680 FT;4.4 €
Rothmans King Size White;1680 FT;4.4 €
ROTHMANS OF LONDON BLUE;1070 FT;2.8 €
ROTHMANS OF LONDON BLUE 100s;1100 FT;2.9 €
ROTHMANS OF LONDON DEMI EZÜST ECS;1850 FT;4.8 €
ROTHMANS OF LONDON DEMI KÉK ECS;1850 FT;4.8 €
ROTHMANS OF LONDON EZÜST ECS;1880 FT;4.9 €
ROTHMANS OF LONDON FEHÉR ECS;1880 FT;4.9 €
ROTHMANS OF LONDON FULL BLUE;1070 FT;2.8 €
ROTHMANS OF LONDON FULL BLUE 100s;1100 FT;2.9 €
ROTHMANS OF LONDON KÉK ECS;1880 FT;4.9 €
ROTHMANS OF LONDON PIROS ECS;1880 FT;4.9 €
ROTHMANS OF LONDON SILVER;1070 FT;2.8 €
ROTHMANS OF LONDON WHITE;1070 FT;2.8 €
SILVERADO BLUE CIG20;1450 FT;3.8 €
SILVERADO RED CIG20;1450 FT;3.8 €
Smart Orange;1320 FT;3.5 €
Smart Yellow;1320 FT;3.5 €
SOPIANAE BARNA MULTIFILTER ECS;1940 FT;5.1 €
SOPIANAE BLUE SZOFI TT;1740 FT;4.6 €
SOPIANAE BORDÓ;1740 FT;4.6 €
SOPIANAE FEHÉR;1740 FT;4.6 €
SOPIANAE FEHÉR ECS;1940 FT;5.1 €
SOPIANAE FEHÉR SS (SZOFI);1150 FT;3 €
SOPIANAE KÉK;1740 FT;4.6 €
SOPIANAE KÉK 100-as ECS;1940 FT;5.1 €
SOPIANAE KÉK 100s;1740 FT;4.6 €
SOPIANAE KÉK ECS;1940 FT;5.1 €
SOPIANAE KÉK MENTOL;1210 FT;3.2 €
SOPIANAE KÉK SS (SZOFI);1150 FT;3 €
SOPIANAE MENTOL SS (SZOFI);1150 FT;3 €
SOPIANAE MULTIFILTER;1740 FT;4.6 €
SOPIANAE NARANCSSÁRGA;1740 FT;4.6 €
SOPIANAE NARANCSSÁRGA 100-as ECS;1940 FT;5.1 €
SOPIANAE NARANCSSÁRGA 100s;1740 FT;4.6 €
SOPIANAE NARANCSSÁRGA ECS;1940 FT;5.1 €
SOPIANAE NARANCSSÁRGA SS (SZOFI);1150 FT;3 €
SOPIANAE NOVA KÉK;1200 FT;3.1 €
SOPIANAE NOVA NARANCSSÁRGA;1200 FT;3.1 €
SOPIANAE NOVA VILÁGOSKÉK;1100 FT;2.9 €
SOPIANAE PIROS ECS;1940 FT;5.1 €
SOPIANAE VILÁGOSKÉK;1740 FT;4.6 €
SOPIANAE VILÁGOSKÉK ECS;1940 FT;5.1 €
SOPIANAE VILÁGOSZÖLD;1210 FT;3.2 €
SOPIANAE ZÖLD;1330 FT;3.5 €
Symphonia Piros 20;1629 FT;4.3 €
Symphonia Piros 20 ECS;1829 FT;4.8 €
THE KING 100s RED MF CIG20 ECS;1680 FT;4.4 €
Virginia S. Beryl;2010 FT;5.3 €
Virginia S. beryl - ECS;2010 FT;5.3 €
Virginia S. Jade;1400 FT;3.7 €
VOGUE  LA CIGARETTE BLEUE;1890 FT;4.9 €
VOGUE KÉK ECS;2090 FT;5.5 €
VOGUE LA CIGARETTE LILAS;1890 FT;4.9 €
VOGUE LA CIGARETTE MENTHE ÉCLAT;1480 FT;3.9 €
VOGUE LILA ECS;2090 FT;5.5 €
West Blue 20;1680 FT;4.4 €
West Blue 20 ECS;1880 FT;4.9 €
West Compact Blue;1650 FT;4.3 €
West Compact Blue 20 ECS;1850 FT;4.8 €
West Compact Blue 20 ECS;1750 FT;4.6 €
West Compact White;1650 FT;4.3 €
West Compact White 20 ECS;1850 FT;4.8 €
West Compact White 20 ECS;1750 FT;4.6 €
West Ice;1280 FT;3.4 €
West Ice KS NON-MENTOL;1680 FT;4.4 €
West Ice KS NON-MENTOL ECS;1880 FT;4.9 €
West Ice SSL NON-MENTOL;1650 FT;4.3 €
West Ice SSL NON-MENTOL ECS;1820 FT;4.8 €
West Ice Superslims;1260 FT;3.3 €
West Mentol (Duo) 20;1280 FT;3.4 €
West Red 100;1680 FT;4.4 €
West Red 100 20 ECS;1880 FT;4.9 €
West Red;1680 FT;4.4 €
West Red 20 ECS;1880 FT;4.9 €
West Rich Blue;1670 FT;4.4 €
West Rich Blue 20 ECS;1870 FT;4.9 €
West Silver 100;1680 FT;4.4 €
West Silver 100 20 ECS;1880 FT;4.9 €
West Silver;1680 FT;4.4 €
West Silver 20 ECS;1880 FT;4.9 €
West White Superslims;1650 FT;4.3 €
West White Superslims 20 ECS;1820 FT;4.8 €
Winston Amber;1299 FT;3.4 €
Winston Amber;1880 FT;4.9 €
Winston Amber 100s;1299 FT;3.4 €
Winston Amber 100s;1880 FT;4.9 €
Winston Amber ECS;1880 FT;4.9 €
Winston Amber Longs ECS;1880 FT;4.9 €
Winston Blender (AM);1650 FT;4.3 €
Winston Blender ECS;1880 FT;4.9 €
Winston Blender KS 20 TT (új);1880 FT;4.9 €
Winston Blender Mentol;1280 FT;3.4 €
Winston Blue;1299 FT;3.4 €
Winston Blue;1880 FT;4.9 €
Winston Blue 100s;1299 FT;3.4 €
Winston Blue 100s;1880 FT;4.9 €
Winston Blue Compact ECS;1760 FT;4.6 €
Winston Blue ECS;1880 FT;4.9 €
Winston Blue Limited Edition ECS;1880 FT;4.9 €
Winston Blue Longs ECS;1880 FT;4.9 €
Winston Classic;1299 FT;3.4 €
Winston Classic;1880 FT;4.9 €
Winston Classic ECS;1880 FT;4.9 €
Winston Classic Longs TT ECS;1880 FT;4.9 €
Winston Classic Soft Pack TT ECS;1670 FT;4.4 €
Winston Compact Blue FS;1760 FT;4.6 €
Winston Green (AM);1650 FT;4.3 €
Winston Green ECS;1880 FT;4.9 €
Winston Green KS 20 TT (új);1880 FT;4.9 €
Winston Mentol;1280 FT;3.4 €
Winston Mentol Line Expand;1280 FT;3.4 €
Winston Selection Gold Longs ECS;1730 FT;4.5 €
Winston XS-Line Blender (AM);1620 FT;4.2 €
