PRODUCT;PRICE;CURRENCY
[ACAPULCO BLUE CIG20;1790; Ft]
[ACAPULCO BLUE CIG20; ECS\xa01790; Ft]
[ACAPULCO YELLOW CIG20;1790; Ft]
[ACAPULCO YELLOW CIG20 ECS;1790; Ft]
[Austin Blue 100s 20 szál\xa0;1440; Ft]
[Austin Blue 100s 20 szál TT;1699; Ft]
[Austin Blue 20 szál;1420; Ft]
[Austin Blue 20 szál ECS; TT\xa01680; Ft]
[Austin Blue 20 szál TT;1680; Ft]
[Austin Green 20 szál ECS TT;1680; Ft]
[Austin Green 20 szál TT;1680; Ft\xa0]
[Austin Mentol 20 szál;1199; Ft]
[Austin Mentol 20 szál; TT\xa01199; Ft]
[Austin Red 100s 20 szál;1440; Ft]
[Austin Red 100s 20 szál ECS TT;1699; Ft]
[Austin Red 100s 20 szál TT;1699; Ft]
[Austin Red 20 szál;1420; Ft]
[Austin Red 20 szál ECS TT;1680; FT]
[Austin Red 20 szál TT;1680; Ft]
[Austin Silver 20 szál;1420; Ft]
[Austin Silver 20 szál ECS TT;1680; Ft]
[Austin Silver 20 szál TT;1680; Ft]
[Benson & Hedges Black;1380; Ft]
[Benson & Hedges Black;1960; Ft]
[Benson & Hedges Black ECS;1960; Ft]
[Benson & Hedges Dual Blue; Mentol\xa0999; Ft]
[Benson & Hedges Gold;1560; Ft]
[Benson & Hedges Gold;1940; Ft]
[Benson & Hedges Silver;1380; Ft]
[Benson & Hedges Silver;1960; Ft]
[Benson & Hedges Silver ECS;1960; Ft]
[Benson & Hedges White;999; Ft]
[Benson&Hedges Pink Sapphire;999; Ft]
[Bond Street royal soft\xa0 - ECS;1890; Ft]
[Camel Blue;1420; Ft]
[Camel Blue;1980; Ft]
[Camel Blue Compact ECS;1930; Ft]
[Camel Blue Compact FS;1340; Ft]
[Camel Blue Compact FS;1930; Ft]
[Camel Blue ECS;1980; Ft]
[Camel Blue LEP;999; Ft]
[Camel Blue LEP 2:;999; Ft]
[Camel Blue LEP; 3:\xa0999; Ft]
[Camel Dark Blue (AM);1720; Ft]
[Camel Dark Blue ECS;1950; Ft]
[Camel Dark Blue KS 20 TT (új);1950; Ft]
[Camel; Filters\xa01420; Ft]
[Camel Filters;1980; Ft]
[Camel Filters; LEP\xa0999; Ft]
[Camel Filters LEP; 2:\xa0999; Ft]
[Camel Filters LEP; 3:\xa0999; Ft]
[Camel Mentol;1360; Ft]
[Camel Mentol;1360; Ft]
[Camel Silver Compact; ECS:\xa01730; Ft]
[Camel Silver Compact FS;1730; Ft]
[Camel Yellow; ECS\xa01980; Ft]
[Chesterfield Blue;1890; Ft]
[Chesterfield blue - ECS;1890; Ft]
[Chesterfield Blue 100s;1130; Ft]
[Chesterfield Blue 100s - ECS;1890; Ft]
[Chesterfield Ice Burst;1280; Ft]
[Chesterfield Silver;1890; Ft]
[Chesterfield silver - ECS;1890; Ft]
[Chesterfield Silver 100s;1130; Ft]
[Chesterfield Silver 100s - ECS;1890; Ft]
[CORSET MAUVE CIG20 ECS;1800; Ft]
[CORSET PINK CIG20 ECS;1800; Ft]
[Davidoff Black Reshape 20;1790; Ft]
[Davidoff Black Reshape 20 ECS;1990; Ft]
[Davidoff Black Reshape 20; ECS\xa01990; Ft]
[Davidoff Blue 20;1850; Ft]
[Davidoff Blue 20 ECS;2050; Ft]
[Davidoff Blue 20 ECS;2050; Ft]
[Davidoff Classic; 20\xa01850; Ft]
[Davidoff Classic 20 ECS;2050; Ft]
[Davidoff Classic 20 ECS;2050; Ft]
[Davidoff Evolved Blue 20; ECS\xa01960; Ft]
[Davidoff Evolved Silver 20; ECS\xa01960; Ft]
[Davidoff Gold 20;1850; Ft]
[Davidoff Gold 20 ECS;2050; Ft]
[Davidoff Gold 20 ECS;2050; ft]
[Davidoff Gold Slims 20;1829; Ft]
[Davidoff Gold Slims 20 ECS;2029; Ft]
[Davidoff Green NON-MENTOL;1790; Ft]
[Davidoff Green NON-MENTOL; ECS\xa01990; Ft]
[Davidoff Green NON-MENTOL; ECS\xa01990; Ft]
[Davidoff Polar Mentol 20;1430; Ft]
[Davidoff Reach Blue 20 ECS;1920; Ft]
[Davidoff Reach Blue 20 ECS;1920; Ft]
[Davidoff Reach Silver 20 ECS;1920; Ft]
[Davidoff Reach Silver 20 ECS;1920; Ft]
[Davidoff Rose Superslims 20;1480; Ft]
[Davidoff Rose Superslims 20;1820; Ft]
[Davidoff Violet Superslims; 20\xa01480; Ft]
[Davidoff Violet Superslims 20;1820; Ft]
[Davidoff White Reshape 20;1790; Ft\xa0]
[Davidoff White Reshape 20 ECS;1990; Ft]
[Davidoff White Reshape 20 ECS;1990; Ft]
[Davidoff White Slims 20;1829; Ft]
[Davidoff White Slims 20 ECS;2029; FT]
[DUNHILL ARANY ECS;2000; Ft]
[DUNHILL BLACK KS TT;1810; Ft]
[DUNHILL DEMI ARANY ECS;1990; Ft]
[DUNHILL DEMI KÉK ECS;1990; Ft]
[DUNHILL FEKETE ECS;2000; Ft]
[DUNHILL FINE CUT ARANY ECS;2050; Ft]
[DUNHILL FINE CUT FEHÉR ECS;2050; Ft]
[DUNHILL FINE CUT FEKETE ECS;2050; Ft]
[DUNHILL FINE CUT SÖTÉTKÉK ECS;2050; Ft]
[DUNHILL GOLD KS TT;1810; Ft]
[DUNHILL MASTER BLEND;1790; Ft]
[DUNHILL MASTER BLEND BLUE;1790; Ft]
[DUNHILL SIGNATURE NO.4; ECS\xa01990; Ft]
[DUNHILL SIGNATURE NO.6 ECS;1990; Ft]
[DUNHILL SWITCH BLACK;1420; Ft]
[DUNHILL SWITCH BLUE SS;1260; Ft]
[DUNHILL SWITCH GOLD;1420; Ft]
[DUNHILL SWITCH SILVER SS;1260; Ft]
[EVE Sunflower;2060; Ft]
[Eve sunflower - ECS;2060; Ft]
[First Gold 20 szál;1180; Ft]
[First Red 20 szál;1180; Ft]
[Gauloises Blue 20;1780; Ft]
[Gauloises Blue 20 ECS;1980; Ft]
[Gauloises Red 20;1780; Ft]
[Gauloises Red 20 ECS;1980; Ft]
[Gauloises Yellow 20;1780; Ft]
[Gauloises Yellow 20 ECS;1980; FT]
[GLAMOUR AMBER;999; Ft]
[GLAMOUR BLUE;999; Ft]
[GLAMOUR MENTOL;999; Ft]
[GLAMOUR PINK;999; FT]
[Golden Gate Blue 100 20;1630; Ft]
[Golden Gate Blue 100 20 ECS;1830; Ft]
[Golden Gate Blue 20;1630; FT]
[Golden Gate Blue 20 ECS;1830; Ft]
[Golden Gate Red 100 20;1630; Ft]
[Golden Gate Red 100 20 ECS;1830; Ft]
[Golden Gate Red 20;1630; Ft]
[Golden Gate Red 20 ECS;1830; Ft]
[Hamilton Blue 20 szál ECS TT;1710; Ft]
[Hamilton Red 20 szál ECS TT;1710; Ft]
[Hamilton Silver 20 szál ECS TT;1710; Ft]
[HUNGÁRIA EZÜST MF CIG20;1800; Ft]
[HUNGÁRIA EZÜST MF CIG20 ECS;1800; Ft]
[HUNGÁRIA FEHÉR MF CIG20;1800; Ft]
[HUNGÁRIA FEHÉR MF CIG20 ECS;1800; Ft]
[HUNGÁRIA KÉK MF CIG20;1800; Ft]
[HUNGÁRIA KÉK MF CIG20 ECS;1800; Ft]
[HUNGÁRIA MENTOL CIG20;1170; FT]
[HUNGÁRIA PIROS MF CIG20;1800; Ft]
[HUNGÁRIA PIROS MF CIG20; ECS\xa01800; Ft]
[L D Blue Compact ECS (LD);1880; FT]
[L D Blue ECS (LD);1920; Ft]
[L D Blue Longs ECS (LD);1930; Ft]
[L D Green ECS (LD);1920; Ft]
[L D Red ECS (LD);1920; Ft]
[L D Red Longs ECS (LD);1930; Ft]
[L D Silver ECS (LD);1920; Ft]
[L D Silver Longs ECS (LD);1930; Ft]
[LD 100s Blue;1350; Ft]
[LD 100s Blue;1930; Ft]
[LD 100s Red;1350; Ft]
[LD 100s Red;1930; FT]
[LD 100s Silver;1350; Ft]
[LD 100s Silver;1930; Ft]
[LD Blue;1340; Ft]
[LD Blue;1920; Ft]
[Ld Blue Compact ECS (új név);1880; Ft]
[LD Blue Compact FS;1880; Ft]
[Ld Blue ECS (új; név)\xa01920; Ft]
[Ld Blue Longs ECS (új név);1930; Ft]
[LD CLUB PLATINUM;999; Ft]
[LD Green (AM);1690; Ft]
[Ld Green ECS (új név);1920; Ft]
[LD Green KS 20 TT (új);1920; FT]
[LD Mentol;1310; Ft]
[LD Mentol;1310; Ft]
[LD Red;1340; Ft]
[LD Red;1920; Ft]
[Ld Red ECS (új név);1920; Ft]
[Ld Red Longs ECS (új név);1930; Ft]
[LD Silver;1340; Ft]
[LD Silver;1920; Ft]
[Ld Silver ECS (új név);1920; FT]
[Ld Silver Longs ECS (új név);1930; Ft]
[LD XS-Line Amber;1360; Ft]
[LD XS-Line Amber;1390; Ft]
[LD XS-Line Amber;1880; Ft]
[Ld Xs-line Amber ECS (új név);1880; Ft]
[LD XS-Line; Blue\xa01360; Ft]
[LD XS-Line Blue;1390; Ft]
[LD XS-Line Blue;1880; Ft]
[Ld Xs-line Blue ECS (új név);1880; Ft]
[LD XS-Line Green (AM);1650; Ft]
[Ld Xs-line Green ECS (új név);1880; Ft]
[LD XS-Line Green SSL 20 TT;1420; Ft]
[LD XS-Line Green SSL 20 TT; (új)\xa01880; Ft]
[LD XS-Line; Mentol\xa01330; Ft]
[LD XS-Line Mentol;1330; Ft]
[LD XS-Line Pink;1360; Ft]
[LD XS-Line; Pink\xa01390; Ft]
[LD XS-Line Pink;1880; Ft]
[Ld Xs-line Pink ECS (új név);1880; Ft]
[LD XS-Line Select Mentol;999; FT]
[LUCKY STRIKE BLUE ECS;1990; Ft]
[LUCKY STRIKE FLOW KS;1160; Ft]
[LUCKY STRIKE FLOW RESIZED;1160; Ft]
[LUCKY STRIKE FLOW RESIZED ECS;1940; Ft]
[LUCKY STRIKE LUCKIES BLUE;1790; Ft]
[LUCKY STRIKE ORIGINAL RED ECS;1990; Ft]
[Manitou Virginia Pink ECS TT;1460; Ft]
[Manitou Virginia Sky ECS TT;1590; Ft]
[Marlboro;2040; Ft]
[Marlboro 100s;2060; Ft]
[Marlboro Advance Blue;1970; Ft]
[Marlboro advance blue - ECS;1970; Ft]
[Marlboro Beyond;1420; Ft]
[Marlboro Core Touch;2030; Ft]
[Marlboro core touch - ECS;2030; Ft]
[Marlboro crafted gold -; ECS\xa02060; Ft]
[Marlboro crafted red - ECS;2060; Ft]
[Marlboro Fine Touch;2030; Ft]
[Marlboro fine touch - ECS;2030; Ft]
[Marlboro Fuse; Beyond\xa01420; Ft]
[Marlboro Gold;2040; Ft]
[Marlboro gold - ECS;2040; Ft]
[Marlboro Gold 100s;2060; Ft]
[Marlboro gold 100s - ECS;2060; Ft]
[Marlboro Gold Micro - ECS;2030; Ft]
[Marlboro Gold Soft;1980; Ft]
[Marlboro gold soft -; ECS\xa01980; Ft]
[Marlboro Micro Beyond;1420; Ft]
[Marlboro Micro Gold;1260; Ft]
[Marlboro red - ECS;2040; Ft]
[Marlboro red 100s\xa0 - ECS;2060; Ft]
[Marlboro red soft - ECS;1980; Ft]
[Marlboro Silver Blue;2040; Ft]
[Marlboro silver blue - ECS;2040; Ft]
[Marlboro Soft;1980; Ft]
[Marlboro Touch;2030; Ft]
[Marlboro touch - ECS;2030; Ft]
[MATRIX BLUELINE\xa0 MF CIG20;1660; Ft]
[MATRIX BLUELINE\xa0 MF CIG20 ECS;1660; FT]
[MATRIX REDLINE\xa0 MF CIG20;1660; FT]
[MATRIX REDLINE\xa0 MF CIG20 ECS;1660; Ft]
[MATRIX YELLOWLINE\xa0 MF; CIG20; 1660]
[MATRIX YELLOWLINE\xa0 MF CIG20; ECS; 1660]
[Meine Sorte Classic;1380; Ft]
[Meine Sorte Classic;100; 1450]
[Memphis Air Blue;1400; Ft]
[Memphis Air; Blue; 1780]
[Memphis; Blue; 1350]
[Memphis; Classic; 1400]
[Memphis; Classic; 1780]
[Memphis; White; 1350]
[Memphis White;100; 1360]
[Multifilter Blue;1980; Ft]
[Multifilter blue -; ECS; 1980]
[Multifilter Blue; 100s; 1990]
[Multifilter blue 100s -; ECS; 1990]
[Multifilter Classic; Blue; 1980]
[Multifilter classic blue -; ECS; 1980]
[Multifilter Classic; Red; 1980]
[Multifilter classic red -; ECS; 1980]
[Multifilter Classic; Yellow; 1980]
[Multifilter classic yellow -; ECS; 1980]
[Multifilter Forward; Blue; 1370]
[Multifilter Forward; Green; 1370]
[Multifilter Red; 100s; 1990]
[Multifilter red 100s -; ECS; 1990]
[Multifilter; White; 1980]
[Multifilter white -; ECS; 1980]
[Multifilter; Yellow; 1980]
[Multifilter yellow -; ECS; 1980]
[Multifilter Yellow; 100s; 1990]
[Multifilter yellow 100s -; ECS; 1990]
[Multisense Bright; Micro; 1380]
[Multisense Lily; Micro; 1980]
[Multisense lily micro -; ECS; 1980]
[Multisense Mentol; Micro; 1380]
[P20 BARNA; CIG20; 1450]
[P20 KÉK; CIG20; 1450]
[PALL MALL ALPINE;1370; Ft]
[PALL MALL; AMBER; 1760]
[PALL MALL BLACK; TT; 1760]
[PALL MALL; BLUE; 1760]
[PALL MALL BLUE; SS; 1740]
[PALL MALL EXTRA CUT; BLUE; 1790]
[PALL MALL EXTRA CUT EZÜST; ECS; 1990]
[PALL MALL EXTRA CUT KÉK; ECS; 1990]
[PALL MALL EXTRA CUT; SILVER; 1790]
[PALL MALL FEHÉR\xa0; ECS; 1960]
[PALL MALL; FRESH; 1250]
[PALL MALL; GREEN; 1370]
[PALL MALL GREEN; SS; 1380]
[PALL MALL KÉK\xa0; ECS; 1960]
[PALL MALL KÉK VÉKONY FORMÁTUM; ECS; 1940]
[PALL MALL LILA VÉKONY FORMÁTUM; ECS; 1940]
[PALL MALL; MINT; 1250]
[PALL MALL NARANCSSÁRGA; ECS; 1960]
[PALL MALL POCKET; AMBER; 1730]
[PALL MALL POCKET; BLUE; 1730]
[PALL MALL POCKET KÉK; ECS; 1930]
[PALL MALL POCKET NARANCSSÁRGA; ECS; 1930]
[PALL MALL VIOLET; SS; 1740]
[PALL MALL; WHITE; 1760]
[PALL MALL WHITE; SS; 1740]
[PANNÓNIA BARNA CIG20;1650; Ft]
[PANNÓNIA BARNA CIG20; ECS; 1650]
[PANNÓNIA KÉK; CIG20; 1650]
[PANNÓNIA KÉK CIG20; ECS; 1650]
[Pepe Easy green ECS;1790; Ft]
[Pepe Rich green ECS;1790; FT]
[Philip Morris Blue;1940; Ft]
[Philip Morris Blue;1360; Ft]
[Philip Morris blue - ECS;1940; Ft]
[Philip Morris Blue; 100s; 1940]
[Philip Morris blue 100s -; ECS; 1940]
[Philip Morris Blue; Ice; 1330]
[Philip Morris Blue; Micro; 1820]
[Philip Morris blue micro -; ECS; 1880]
[Philip Morris compact blue -; ECS; 1850]
[Philip Morris Menthol; Micro; 1330]
[Philip Morris Pink; Micro; 1820]
[Philip Morris pink micro -; ECS; 1880]
[Philip Morris; Red; 1940]
[Philip Morris red -; ECS; 1940]
[Philip Morris; Royal; 1940]
[Philip Morris; Royal; 1360]
[Philip Morris royal -; ECS; 1940]
[Philip Morris; White; 1940]
[Philip Morris white -; ECS; 1940]
[Philip Morris; Yellow; 1940\xa0]
[Philip Morris; Yellow; 1360]
[Philip Morris yellow -; ECS; 1940]
[Philip Morris Yellow; 100s; 1940]
[Philip Morris yellow 100s -; ECS; 1940]
[Pueblo Blue;2200; Ft]
[Pueblo Blue ECS;2200; Ft]
[Pueblo Classic; ECS; 2200]
[Pueblo Green; ECS; 2200]
[Pueblo; Orange; 2200]
[Pueblo Orange; ECS; 220]
[RGD Blue;1890; Ft]
[Rgd blue -; ECS; 1890]
[RGD Blue; Micro; 1890]
[Rgd blue micro -; ECS; 1890]
[RGD Mentol; Micro; 1280]
[RGD Pink; Micro; 1890]
[Rgd pink micro -; ECS; 1890]
[RGD; Yellow; 1600]
[Ronson Red;1320; Ft]
[Ronson Red;100; 1380]
[Ronson; White; 1320]
[Ronson White;100; 1380]
[ROTHMANS BY VOGUE KÉK; ECS; 1850]
[ROTHMANS BY VOGUE LILA; ECS; 1850]
[Rothmans King Size; Blue; 1680]
[Rothmans King Size; Red; 1680]
[Rothmans King Size; Silver; 1680]
[Rothmans King Size; White; 1680]
[ROTHMANS OF LONDON; BLUE; 1070]
[ROTHMANS OF LONDON BLUE 100s;1100; Ft]
[ROTHMANS OF LONDON DEMI EZÜST; ECS; 1850]
[ROTHMANS OF LONDON DEMI KÉK; ECS; 1850]
[ROTHMANS OF LONDON EZÜST; ECS; 1880]
[ROTHMANS OF LONDON FEHÉR; ECS; 1880]
[ROTHMANS OF LONDON FULL; BLUE; 1070]
[ROTHMANS OF LONDON FULL BLUE; 100s; 1100]
[ROTHMANS OF LONDON KÉK; ECS; 1880]
[ROTHMANS OF LONDON PIROS; ECS; 1880]
[ROTHMANS OF LONDON; SILVER; 1070]
[ROTHMANS OF LONDON; WHITE; 1070]
[SILVERADO BLUE CIG20;1450; Ft]
[SILVERADO RED; CIG20; 1450]
[Smart Orange;1320; Ft]
[Smart; Yellow; 1320]
[SOPIANAE BARNA MULTIFILTER; ECS; 1940]
[SOPIANAE BLUE SZOFI; TT; 1740]
[SOPIANAE; BORDÓ; 1740]
[SOPIANAE; FEHÉR; 1740]
[SOPIANAE FEHÉR; ECS; 1940]
[SOPIANAE FEHÉR SS; (SZOFI); 1150]
[SOPIANAE; KÉK; 1740]
[SOPIANAE KÉK 100-as; ECS; 1940]
[SOPIANAE KÉK; 100s; 1740]
[SOPIANAE KÉK; ECS; 1940]
[SOPIANAE KÉK; MENTOL; 1210]
[SOPIANAE KÉK SS; (SZOFI); 1150]
[SOPIANAE MENTOL SS; (SZOFI); 1150]
[SOPIANAE; MULTIFILTER; 1740]
[SOPIANAE; NARANCSSÁRGA; 1740]
[SOPIANAE NARANCSSÁRGA 100-as; ECS; 1940]
[SOPIANAE NARANCSSÁRGA; 100s; 1740]
[SOPIANAE NARANCSSÁRGA; ECS; 1940]
[SOPIANAE NARANCSSÁRGA SS; (SZOFI); 1150]
[SOPIANAE NOVA; KÉK; 1200]
[SOPIANAE NOVA; NARANCSSÁRGA; 1200]
[SOPIANAE NOVA; VILÁGOSKÉK; 1100]
[SOPIANAE PIROS; ECS; 1940]
[SOPIANAE; VILÁGOSKÉK; 1740]
[SOPIANAE VILÁGOSKÉK; ECS; 1940]
[SOPIANAE; VILÁGOSZÖLD; 1210]
[SOPIANAE; ZÖLD; 1330]
[Symphonia Piros 20;1629; Ft]
[Symphonia Piros 20; ECS; 1829]
[THE KING 100s RED MF CIG20; ECS; 1680]
[Virginia S. Beryl;2010; Ft]
[Virginia S. beryl -; ECS; 2010]
[Virginia S.; Jade; 1400]
[VOGUE\xa0 LA CIGARETTE BLEUE;1890; Ft]
[VOGUE KÉK; ECS; 2090]
[VOGUE LA CIGARETTE; LILAS; 1890]
[VOGUE LA CIGARETTE MENTHE; ÉCLAT; 1480]
[VOGUE LILA; ECS; 2090]
[West Blue 20;1680; Ft]
[West Blue 20; ECS; 1880]
[West Compact Blue;20; 1650]
[West Compact Blue 20; ECS; 1850]
[West Compact Blue 20; ECS; 1750]
[West Compact White;20; 1650]
[West Compact White 20; ECS; 1850]
[West Compact White 20; ECS; 1750]
[West Ice;20; 1280]
[West Ice KS; NON-MENTOL; 1680]
[West Ice KS NON-MENTOL; ECS; 1880]
[West Ice SSL; NON-MENTOL; 1650]
[West Ice SSL NON-MENTOL; ECS; 1820]
[West Ice Superslims;20; 1260]
[West Mentol (Duo) 20; ’; 1280]
[West Red 100;20; 1680]
[West Red 100 20; ECS; 1880]
[West Red;20; 1680]
[West Red 20; ECS; 1880]
[West Rich Blue;20; 1670]
[West Rich Blue 20; ECS; 1870]
[West Silver 100;20; 1680]
[West Silver 100 20; ECS; 1880]
[West Silver;20; 1680]
[West Silver 20; ECS; 1880]
[West White; Superslims; 201650]
[West White Superslims 20; ECS; 1820]
[Winston Amber;1299; Ft]
[Winston; Amber; 1880]
[Winston Amber; 100s; 1299]
[Winston Amber; 100s; 1880]
[Winston Amber; ECS; 1880]
[Winston Amber Longs; ECS; 1880]
[Winston Blender; (AM); 1650]
[Winston Blender; ECS; 1880]
[Winston Blender KS 20 TT; (új); 1880]
[Winston Blender; Mentol; 1280]
[Winston Blender; Mentol; 1280]
[Winston; Blue; 1299]
[Winston; Blue; 1880]
[Winston Blue; 100s; 1299]
[Winston Blue; 100s; 1880]
[Winston Blue Compact; ECS; 1760]
[Winston Blue; ECS; 1880]
[Winston Blue Limited Edition; ECS; 1880]
[Winston Blue Longs; ECS; 1880]
[Winston; Classic; 1299]
[Winston; Classic; 1880]
[Winston Classic; ECS; 1880]
[Winston Classic Longs TT; ECS; 1880]
[Winston Classic Soft Pack TT; ECS; 1670]
[Winston Compact Blue; FS; 1760]
[Winston Green; (AM); 1650]
[Winston Green; ECS; 1880]
[Winston Green KS 20 TT; (új); 1880]
[Winston; Mentol; 1280]
[Winston Mentol Line; Expand; 1280]
[Winston Mentol Line; Expand; 1280]
[Winston Selection Gold Longs; ECS; 1730]
[Winston XS-Line Blender; (AM); 1620]
